{"cameraMode":{"drawMode":0,"name":"Shaded","section":"Shading Mode"},"sceneLighting":false,"audioPlay":false,"sceneViewState":{"showFog":true,"showMaterialUpdate":false,"showSkybox":false,"showFlares":true,"showImageEffects":true,"showParticleSystems":true},"in2DMode":false,"pivot":{"x":-5.52845573425293,"y":29.05251693725586,"z":1.1273990869522095},"rotation":{"x":0.010189378634095192,"y":-0.012901270762085915,"z":-0.00013137685891706496,"w":-0.9998653531074524},"size":305.30938720703127,"orthographic":false}